date,open,high,low,close,volume,average,symbol
2022-10-26,14.15,14.44,13.99,14.0,254544.19,14.193,AAL
2022-10-27,14.18,14.48,13.96,13.97,221989.41,14.172,AAL
2022-10-28,14.01,14.1,13.78,14.0,240455.07,13.964,AAL
2022-10-31,14.02,14.32,13.88,14.18,238960.37,14.154,AAL
2022-11-01,14.42,14.54,14.09,14.11,230033.54,14.243,AAL
2022-11-02,14.01,14.27,13.55,13.58,318011.74,13.919,AAL
2022-11-03,13.39,13.87,13.2,13.73,220140.92,13.638,AAL
2022-11-04,14.06,14.4,13.86,14.11,257351.88,14.109,AAL
2022-11-07,14.32,14.39,13.85,14.32,224512.81,14.107,AAL
2022-11-08,14.29,14.45,14.08,14.25,236491.2,14.28,AAL
2022-11-09,14.14,14.34,13.97,13.98,191119.05,14.148,AAL
2022-11-10,14.46,14.99,14.36,14.93,319318.36,14.784,AAL
2022-11-11,15.0,15.08,14.72,14.88,218545.23,14.916,AAL
2022-11-14,14.79,15.03,14.55,14.68,238913.23,14.863,AAL
2022-11-15,14.98,15.18,14.52,14.61,265926.51,14.841,AAL
2022-11-16,14.46,14.47,14.01,14.09,257295.85,14.121,AAL
2022-11-17,13.83,14.02,13.68,13.95,180503.76,13.854,AAL
2022-11-18,14.25,14.58,13.92,14.05,224219.96,14.18,AAL
2022-11-21,14.02,14.27,13.8,13.85,238194.06,13.975,AAL
2022-11-22,13.85,14.03,13.36,13.98,244388.43,13.786,AAL
2022-11-23,13.98,14.43,13.88,14.42,219505.03,14.208,AAL
2022-11-25,14.4,14.7,14.35,14.5,87797.88,14.579,AAL
2022-11-28,14.34,14.44,13.82,13.83,192167.88,14.086,AAL
2022-11-29,13.89,14.16,13.83,14.14,146092.88,14.01,AAL
2022-11-30,14.15,14.45,13.93,14.43,186220.9,14.18,AAL
2022-12-01,14.46,14.57,13.93,13.98,238569.67,14.099,AAL
2022-12-02,13.82,13.98,13.67,13.97,203210.72,13.837,AAL
2022-12-05,13.84,14.34,13.82,14.11,236221.38,14.087,AAL
2022-12-06,14.14,14.34,14.0,14.33,173699.39,14.156,AAL
2022-12-07,14.25,14.25,13.53,13.55,255217.28,13.75,AAL
2022-12-08,13.65,13.8,13.38,13.6,232746.25,13.604,AAL
2022-12-09,13.53,13.66,13.42,13.53,145570.6,13.54,AAL
2022-12-12,13.47,14.21,13.45,14.2,209749.86,13.898,AAL
2022-12-13,14.61,14.74,13.29,13.46,453484.63,13.709,AAL
2022-12-14,13.58,13.69,13.24,13.35,307110.24,13.419,AAL
2022-12-15,13.18,13.31,12.8,12.93,225542.31,12.973,AAL
2022-12-16,12.97,13.1,12.59,12.81,195341.28,12.791,AAL
2022-12-19,12.85,12.89,12.46,12.48,177995.05,12.618,AAL
2022-12-20,12.42,12.62,12.37,12.53,182199.29,12.484,AAL
2022-12-21,12.69,13.22,12.65,13.03,270536.51,13.032,AAL
2022-12-22,12.98,13.0,12.23,12.56,233081.46,12.493,AAL
2022-12-23,12.51,12.71,12.32,12.71,160152.12,12.552,AAL
2022-12-27,12.62,12.79,12.39,12.53,169009.54,12.599,AAL
2022-12-28,12.53,12.68,12.25,12.32,189938.69,12.378,AAL
2022-12-29,12.39,12.71,12.29,12.7,175961.2,12.562,AAL
2022-12-30,12.55,12.83,12.53,12.72,169952.27,12.67,AAL
2023-01-03,12.91,13.0,12.52,12.74,188969.27,12.709,AAL
2023-01-04,12.86,13.61,12.86,13.59,301867.84,13.382,AAL
2023-01-05,13.5,14.01,13.42,13.99,241446.13,13.849,AAL
2023-01-06,14.01,14.25,13.91,14.18,238878.83,14.118,AAL
2023-01-09,14.25,14.79,14.23,14.61,283181.65,14.645,AAL
2023-01-10,14.56,15.2,14.56,15.19,251859.33,14.95,AAL
2023-01-11,15.09,15.5,15.05,15.34,252999.66,15.324,AAL
2023-01-12,16.03,16.9,15.87,16.83,804460.64,16.464,AAL
2023-01-13,16.16,17.07,16.01,17.02,413939.01,16.791,AAL
2023-01-17,16.9,17.12,16.74,17.08,265303.14,16.975,AAL
2023-01-18,17.53,17.64,16.59,16.64,348625.25,16.957,AAL
2023-01-19,16.44,16.49,16.01,16.28,293307.77,16.249,AAL
2023-01-20,16.36,16.54,16.14,16.34,202737.76,16.364,AAL
2023-01-23,16.4,16.44,16.16,16.17,205840.17,16.287,AAL
2023-01-24,16.01,16.43,15.96,16.02,189608.0,16.186,AAL
2023-01-25,15.97,16.48,15.9,16.26,300133.87,16.239,AAL
2023-01-26,16.54,16.74,15.73,16.61,395672.58,16.307,AAL
2023-01-27,16.54,16.81,16.37,16.43,231903.57,16.534,AAL
2023-01-30,16.29,16.6,15.91,15.96,210478.54,16.157,AAL
2023-01-31,16.01,16.24,15.91,16.14,170970.14,16.075,AAL
2023-02-01,16.04,16.72,15.92,16.69,233112.2,16.334,AAL
2023-02-02,16.73,17.32,16.72,17.06,270233.99,17.03,AAL
2023-02-03,16.87,17.22,16.85,17.02,182413.19,17.002,AAL
2023-02-06,16.9,17.09,16.79,16.92,153813.27,16.94,AAL
2023-02-07,16.92,17.03,16.54,16.96,169261.28,16.86,AAL
2023-02-08,17.26,17.44,16.8,16.97,171749.93,17.072,AAL
2023-02-09,17.11,17.16,16.59,16.66,145909.05,16.924,AAL
2023-02-10,16.41,16.44,16.14,16.28,124055.96,16.296,AAL
2023-02-13,16.25,16.6,16.21,16.51,106692.34,16.456,AAL
2023-02-14,16.49,16.85,16.33,16.79,155741.2,16.654,AAL
2023-02-15,16.64,16.84,16.58,16.8,111392.42,16.729,AAL
2023-02-16,16.59,16.67,16.36,16.39,133877.63,16.527,AAL
2023-02-17,16.38,16.56,16.15,16.36,156416.7,16.402,AAL
2023-02-21,16.06,16.2,15.52,15.69,208697.34,15.78,AAL
2023-02-22,15.65,15.82,15.41,15.56,201189.69,15.567,AAL
2023-02-23,15.66,16.17,15.5,15.87,228631.95,15.818,AAL
2023-02-24,15.51,15.67,15.36,15.56,175138.12,15.495,AAL
2023-02-27,15.74,15.83,15.55,15.63,138809.34,15.685,AAL
2023-02-28,15.55,16.05,15.53,15.98,132620.59,15.878,AAL
2023-03-01,15.93,16.05,15.75,16.03,99348.72,15.939,AAL
2023-03-02,15.91,16.15,15.73,16.12,103067.61,15.93,AAL
2023-03-03,16.37,16.55,16.14,16.36,123867.42,16.377,AAL
2023-03-06,16.47,16.55,16.1,16.12,112790.99,16.305,AAL
2023-03-07,16.26,16.66,16.14,16.36,159037.04,16.425,AAL
2023-03-08,16.43,16.6,16.27,16.59,99912.12,16.459,AAL
2023-03-09,16.53,16.8,15.84,15.88,160436.68,16.291,AAL
2023-03-10,15.98,16.0,15.11,15.46,232963.0,15.548,AAL
2023-03-13,15.04,15.26,14.69,14.85,277575.98,14.963,AAL
2023-03-14,15.11,15.32,14.48,14.66,258432.49,14.874,AAL
2023-03-15,14.24,14.42,13.51,13.86,363589.13,13.845,AAL
2023-03-16,13.72,14.23,13.62,14.12,210673.93,14.017,AAL
2023-03-17,13.95,14.17,13.67,13.98,246064.96,13.868,AAL
2023-03-20,14.02,14.21,13.86,13.96,237952.35,14.044,AAL
2023-03-21,14.29,14.54,14.24,14.37,149659.02,14.393,AAL
2023-03-22,14.36,14.43,13.79,13.82,185656.68,14.109,AAL
2023-03-23,14.0,14.18,13.47,13.63,226551.41,13.81,AAL
2023-03-24,13.53,13.74,13.36,13.72,174250.85,13.541,AAL
2023-03-27,13.96,14.06,13.71,13.94,148258.65,13.872,AAL
2023-03-28,13.88,14.08,13.85,13.98,98523.31,13.962,AAL
2023-03-29,14.18,14.39,14.05,14.35,129974.68,14.273,AAL
2023-03-30,14.57,14.7,14.46,14.47,115304.5,14.542,AAL
2023-03-31,14.61,14.76,14.56,14.75,101707.53,14.677,AAL
2023-04-03,14.51,14.62,14.28,14.42,124574.74,14.414,AAL
2023-04-04,14.54,14.55,14.01,14.16,139871.78,14.194,AAL
2023-04-05,14.05,14.14,13.7,13.89,171312.09,13.88,AAL
2023-04-06,13.95,14.18,13.87,14.01,118518.85,14.016,AAL
2023-04-10,13.97,14.17,13.91,14.15,169065.09,14.105,AAL
2023-04-11,14.22,14.51,14.08,14.32,154176.16,14.341,AAL
2023-04-12,13.85,13.85,12.91,13.0,866099.57,13.132,AAL
2023-04-13,13.16,13.18,12.76,12.95,402599.91,12.959,AAL
2023-04-14,12.98,13.06,12.73,12.79,241371.71,12.858,AAL
2023-04-17,12.86,13.17,12.8,13.1,226092.66,13.064,AAL
2023-04-18,13.22,13.3,12.97,13.29,219657.99,13.169,AAL
2023-04-19,13.15,13.68,13.13,13.63,282918.93,13.467,AAL
2023-04-20,13.47,13.7,13.31,13.32,210431.41,13.478,AAL
2023-04-21,13.31,13.42,13.16,13.4,145734.83,13.307,AAL
2023-04-24,13.42,13.56,13.05,13.32,231637.56,13.274,AAL
2023-04-25,13.18,13.18,12.81,12.84,300707.61,12.926,AAL
2023-04-26,12.9,13.08,12.65,12.74,295579.27,12.784,AAL
2023-04-27,12.97,13.4,12.75,12.88,407037.99,13.009,AAL
2023-04-28,12.94,13.7,12.85,13.64,409902.88,13.45,AAL
2023-05-01,13.6,14.03,13.52,13.89,255552.42,13.866,AAL
2023-05-02,13.83,13.87,13.52,13.77,192190.59,13.704,AAL
2023-05-03,13.79,14.04,13.68,13.79,186118.14,13.837,AAL
2023-05-04,13.79,13.89,13.35,13.51,202115.45,13.501,AAL
2023-05-05,13.73,13.95,13.62,13.87,175814.94,13.848,AAL
2023-05-08,14.34,14.66,14.23,14.36,311795.12,14.45,AAL
2023-05-09,14.38,14.56,14.21,14.47,167166.8,14.449,AAL
2023-05-10,14.65,14.7,14.05,14.34,189803.52,14.277,AAL
2023-05-11,14.26,14.29,14.02,14.07,146895.56,14.111,AAL
2023-05-12,14.18,14.2,13.87,14.02,153465.38,13.982,AAL
2023-05-15,14.05,14.32,13.92,14.28,131407.89,14.192,AAL
2023-05-16,14.21,14.45,13.96,14.2,154383.61,14.226,AAL
2023-05-17,14.4,15.01,14.36,14.91,311538.48,14.794,AAL
2023-05-18,14.91,15.08,14.8,15.05,182953.24,14.963,AAL
2023-05-19,15.07,15.09,14.62,14.82,142373.16,14.816,AAL
2023-05-22,14.92,14.98,14.1,14.38,249144.01,14.37,AAL
2023-05-23,14.35,14.64,14.07,14.07,257248.75,14.337,AAL
2023-05-24,13.99,13.99,13.55,13.8,270107.48,13.704,AAL
2023-05-25,13.88,14.39,13.8,14.38,254630.14,14.186,AAL
2023-05-26,14.41,14.54,14.28,14.35,151881.14,14.395,AAL
2023-05-30,14.44,14.75,14.42,14.62,182023.04,14.599,AAL
2023-05-31,15.09,15.11,14.48,14.78,263340.68,14.739,AAL
2023-06-01,14.88,14.88,14.61,14.7,185567.36,14.75,AAL
2023-06-02,14.9,15.07,14.64,14.87,260409.82,14.911,AAL
2023-06-05,14.88,14.91,14.68,14.81,125640.03,14.783,AAL
2023-06-06,14.81,15.02,14.7,14.93,137861.22,14.915,AAL
2023-06-07,15.02,15.27,14.9,15.16,169281.92,15.109,AAL
2023-06-08,15.16,15.6,15.09,15.3,189174.26,15.382,AAL
2023-06-09,15.33,15.67,15.31,15.57,180841.68,15.551,AAL
2023-06-12,15.75,16.37,15.73,16.02,252354.48,16.091,AAL
2023-06-13,16.25,16.35,16.1,16.31,170662.38,16.251,AAL
2023-06-14,16.39,16.7,16.31,16.59,202312.99,16.539,AAL
2023-06-15,16.46,16.65,16.4,16.65,147616.42,16.564,AAL
2023-06-16,16.67,16.72,16.43,16.48,178005.25,16.566,AAL
2023-06-20,16.38,16.43,16.15,16.32,136279.85,16.279,AAL
2023-06-21,16.25,16.35,16.0,16.3,159762.61,16.214,AAL
2023-06-22,16.23,16.39,16.07,16.36,102806.02,16.278,AAL
2023-06-23,15.96,16.33,15.92,16.26,153649.5,16.162,AAL
2023-06-26,16.15,16.49,16.11,16.44,167701.89,16.309,AAL
2023-06-27,16.53,17.48,16.52,17.35,364005.63,17.194,AAL
2023-06-28,17.35,17.58,17.28,17.55,229767.82,17.466,AAL
2023-06-29,17.67,17.98,17.53,17.6,172523.84,17.715,AAL
2023-06-30,17.76,17.99,17.67,17.94,156749.76,17.847,AAL
2023-07-03,17.85,18.18,17.82,18.1,112866.97,18.066,AAL
2023-07-05,17.98,18.42,17.89,18.32,172634.03,18.267,AAL
2023-07-06,18.03,18.15,17.67,17.88,225027.56,17.862,AAL
2023-07-07,17.95,18.55,17.93,18.35,180524.51,18.332,AAL
2023-07-10,18.36,18.72,18.29,18.57,191061.39,18.588,AAL
2023-07-11,18.64,18.87,18.44,18.8,208038.18,18.692,AAL
2023-07-12,18.93,19.07,18.49,18.57,206765.46,18.666,AAL
2023-07-13,19.05,19.08,18.24,18.45,255269.96,18.53,AAL
2023-07-14,18.42,18.56,17.96,18.14,206240.71,18.176,AAL
2023-07-17,18.04,18.38,18.0,18.18,130566.43,18.23,AAL
2023-07-18,18.2,18.72,18.2,18.68,140872.29,18.547,AAL
2023-07-19,18.7,18.8,18.44,18.6,173505.2,18.563,AAL
2023-07-20,18.14,18.17,17.28,17.44,456753.71,17.574,AAL
2023-07-21,17.5,17.67,17.1,17.42,255264.12,17.378,AAL
2023-07-24,17.29,17.32,16.86,16.88,254139.26,16.979,AAL
2023-07-25,16.57,16.83,16.19,16.65,339773.84,16.547,AAL
2023-07-26,16.71,16.9,16.51,16.76,193761.49,16.681,AAL
2023-07-27,16.51,16.69,16.34,16.57,201920.38,16.53,AAL
2023-07-28,16.79,16.86,16.59,16.79,166147.03,16.713,AAL
2023-07-31,16.84,16.87,16.59,16.75,183788.84,16.686,AAL
2023-08-01,16.53,16.54,15.94,16.23,286517.18,16.16,AAL
2023-08-02,16.0,16.11,15.77,15.95,270347.42,15.939,AAL
2023-08-03,15.75,16.02,15.7,15.98,376091.48,15.846,AAL
2023-08-04,16.1,16.19,15.78,15.84,218011.61,15.922,AAL
2023-08-07,15.73,16.01,15.69,15.99,202945.67,15.872,AAL
2023-08-08,15.8,16.22,15.76,16.18,228137.88,15.997,AAL
2023-08-09,16.18,16.24,15.71,15.76,170889.46,15.911,AAL
2023-08-10,15.93,16.02,15.65,15.76,172024.74,15.779,AAL
2023-08-11,15.66,15.75,15.56,15.65,144451.32,15.645,AAL
2023-08-14,15.6,15.88,15.46,15.88,217613.13,15.708,AAL
2023-08-15,15.71,15.78,15.51,15.55,176050.24,15.597,AAL
2023-08-16,15.58,15.84,15.39,15.44,184740.25,15.555,AAL
2023-08-17,15.46,15.46,15.01,15.05,192629.97,15.135,AAL
2023-08-18,14.83,15.15,14.8,15.04,186834.11,15.036,AAL
2023-08-21,15.07,15.2,14.95,15.16,214717.64,15.049,AAL
2023-08-22,15.29,15.33,14.81,14.83,197359.17,14.905,AAL
2023-08-23,14.78,14.92,14.57,14.78,163118.73,14.797,AAL
2023-08-24,14.66,14.76,14.46,14.57,215192.44,14.622,AAL
2023-08-25,14.65,14.71,14.42,14.58,139480.35,14.576,AAL
2023-08-28,14.66,14.83,14.57,14.73,178212.01,14.679,AAL
2023-08-29,14.76,14.99,14.69,14.9,185870.35,14.9,AAL
2023-08-30,14.92,14.95,14.76,14.77,185054.59,14.849,AAL
2023-08-31,14.89,14.92,14.68,14.73,117706.56,14.771,AAL
2023-09-01,14.8,14.84,14.59,14.68,119016.1,14.677,AAL
2023-09-05,14.53,14.53,14.11,14.3,224431.23,14.293,AAL
2023-09-06,14.27,14.75,14.24,14.33,229780.97,14.437,AAL
2023-09-07,14.27,14.27,13.92,14.0,205453.33,14.014,AAL
2023-09-08,14.0,14.13,13.91,13.98,139808.1,14.001,AAL
2023-09-11,14.06,14.19,13.93,14.09,187645.54,14.071,AAL
2023-09-12,14.17,14.29,14.08,14.11,190571.17,14.164,AAL
2023-09-13,13.51,13.73,13.2,13.31,503805.41,13.443,AAL
2023-09-14,13.44,13.47,13.15,13.26,272233.45,13.254,AAL
2023-09-15,13.24,13.45,13.21,13.31,205147.68,13.32,AAL
2023-09-18,13.24,13.27,13.08,13.11,188612.21,13.15,AAL
2023-09-19,13.09,13.35,13.05,13.19,220279.99,13.211,AAL
2023-09-20,13.32,13.47,13.04,13.06,255185.25,13.254,AAL
2023-09-21,12.98,13.27,12.93,13.06,222571.51,13.134,AAL
2023-09-22,13.09,13.16,12.86,12.9,224309.23,12.971,AAL
2023-09-25,12.79,12.98,12.71,12.91,215137.03,12.86,AAL
2023-09-26,12.83,13.04,12.69,12.7,226000.83,12.833,AAL
2023-09-27,12.75,12.83,12.5,12.61,259396.08,12.66,AAL
2023-09-28,12.61,13.09,12.56,12.92,314267.42,12.953,AAL
2023-09-29,13.02,13.07,12.65,12.81,296762.12,12.835,AAL
2023-10-02,12.85,13.1,12.68,12.75,353114.16,12.814,AAL
2023-10-03,12.66,12.71,12.25,12.29,369639.25,12.389,AAL
2023-10-04,12.4,12.82,12.34,12.73,440823.0,12.605,AAL
2023-10-05,12.94,13.01,12.72,12.85,332737.01,12.86,AAL
2023-10-06,12.81,13.0,12.67,12.76,291180.77,12.852,AAL
2023-10-09,12.38,12.38,11.94,12.24,470064.94,12.132,AAL
2023-10-10,12.42,12.65,12.24,12.26,333986.34,12.407,AAL
2023-10-11,12.32,12.68,12.28,12.48,323816.68,12.457,AAL
2023-10-12,12.6,12.62,11.93,12.06,457956.95,12.127,AAL
2023-10-13,11.88,12.04,11.68,11.72,427912.62,11.789,AAL
2023-10-16,11.82,12.05,11.72,11.94,315685.22,11.927,AAL
2023-10-17,11.88,12.1,11.88,11.94,304711.51,11.969,AAL
2023-10-18,11.74,11.75,11.22,11.36,596855.37,11.392,AAL
2023-10-19,11.35,12.01,11.35,11.45,545174.84,11.683,AAL
2023-10-20,11.4,11.43,11.04,11.08,442152.82,11.14,AAL
2023-10-23,11.02,11.41,10.94,11.29,408394.52,11.271,AAL
2023-10-24,11.36,11.43,11.09,11.21,350090.26,11.181,AAL
2023-10-25,11.15,11.24,11.04,11.04,361861.02,11.093,AAL
2023-10-26,11.07,11.25,10.96,11.15,367800.76,11.121,AAL
2023-10-27,11.2,11.23,10.88,10.92,366055.41,11.015,AAL
2023-10-30,11.0,11.24,11.0,11.18,348962.27,11.114,AAL
2023-10-31,11.11,11.16,10.86,11.15,389593.44,11.046,AAL
2023-11-01,11.12,11.22,10.98,11.14,276764.39,11.088,AAL
2023-11-02,11.35,11.47,11.28,11.4,261435.87,11.358,AAL
2023-11-03,11.63,12.08,11.62,11.98,487965.68,11.931,AAL
2023-11-06,12.06,12.1,11.54,11.66,298064.26,11.702,AAL
2023-11-07,11.72,11.84,11.61,11.75,256098.59,11.728,AAL
2023-11-08,11.86,12.27,11.84,12.01,360818.66,12.126,AAL
2023-11-09,12.17,12.24,11.67,11.75,354398.69,11.887,AAL
2023-11-10,11.67,11.85,11.51,11.8,281670.45,11.669,AAL
2023-11-13,11.7,11.89,11.62,11.78,177246.23,11.776,AAL
2023-11-14,12.15,12.3,12.04,12.25,321551.3,12.213,AAL
2023-11-15,12.35,12.72,12.35,12.42,314657.6,12.513,AAL
2023-11-16,12.42,12.6,12.16,12.19,315346.67,12.298,AAL
2023-11-17,12.27,12.31,12.14,12.29,229177.7,12.225,AAL
2023-11-20,12.24,12.45,12.17,12.4,203719.41,12.329,AAL
2023-11-21,12.3,12.33,12.05,12.13,211991.4,12.128,AAL
2023-11-22,12.37,12.77,12.17,12.31,370838.92,12.49,AAL
2023-11-24,12.39,12.48,12.25,12.31,131995.07,12.318,AAL
2023-11-27,12.27,12.31,12.07,12.18,231712.95,12.172,AAL
2023-11-28,12.19,12.26,11.95,12.17,290108.55,12.083,AAL
2023-11-29,12.27,12.56,12.23,12.23,287510.44,12.374,AAL
2023-11-30,12.33,12.47,12.08,12.43,315167.59,12.308,AAL
2023-12-01,12.46,13.06,12.44,13.02,450435.23,12.835,AAL
2023-12-04,13.03,13.49,12.93,13.35,451976.12,13.328,AAL
2023-12-05,13.22,13.29,13.0,13.13,369116.1,13.113,AAL
2023-12-06,13.36,13.74,13.34,13.48,477379.5,13.598,AAL
2023-12-07,13.69,14.15,13.68,13.91,464238.42,13.912,AAL
2023-12-08,13.88,13.98,13.71,13.76,254255.31,13.829,AAL
2023-12-11,13.75,13.79,13.61,13.72,261505.1,13.694,AAL
2023-12-12,13.81,14.18,13.8,14.04,313315.98,14.037,AAL
2023-12-13,13.87,14.15,13.64,14.09,347094.18,13.852,AAL
2023-12-14,14.31,14.65,14.27,14.59,386147.59,14.512,AAL
2023-12-15,14.63,14.67,14.41,14.49,280061.48,14.498,AAL
2023-12-18,14.43,14.44,14.06,14.24,253214.89,14.198,AAL
2023-12-19,14.38,14.45,14.28,14.3,197725.52,14.348,AAL
2023-12-20,14.2,14.39,13.95,13.98,234042.62,14.197,AAL
2023-12-21,14.22,14.43,14.2,14.35,283365.32,14.317,AAL
2023-12-22,14.38,14.4,14.21,14.31,214990.13,14.298,AAL
2023-12-26,14.25,14.26,14.04,14.11,192121.53,14.139,AAL
2023-12-27,14.1,14.18,13.91,13.99,211267.73,14.007,AAL
2023-12-28,13.92,14.04,13.82,13.98,152690.86,13.97,AAL
2023-12-29,13.95,13.97,13.69,13.74,218262.49,13.757,AAL
2024-01-02,13.66,13.72,13.39,13.44,318445.02,13.538,AAL
2024-01-03,13.15,13.17,12.89,12.95,371880.18,13.016,AAL
2024-01-04,13.01,13.25,12.95,13.09,271542.64,13.122,AAL
2024-01-05,13.05,13.67,13.01,13.6,327243.23,13.515,AAL
2024-01-08,14.03,14.67,14.02,14.58,544875.6,14.418,AAL
2024-01-09,14.48,14.63,14.36,14.38,321358.41,14.484,AAL
2024-01-10,14.34,14.41,14.2,14.35,275656.19,14.329,AAL
2024-01-11,14.48,14.63,14.24,14.59,297347.82,14.479,AAL
2024-01-12,13.93,13.98,13.19,13.21,718298.74,13.402,AAL
2024-01-16,13.08,13.2,12.78,13.19,501163.76,12.986,AAL
2024-01-17,12.96,13.21,12.87,12.93,337342.48,13.012,AAL
2024-01-18,13.07,13.87,13.01,13.82,528584.64,13.45,AAL
2024-01-19,13.83,13.83,13.41,13.66,349273.97,13.581,AAL
2024-01-22,13.96,14.08,13.54,13.62,319066.28,13.744,AAL
2024-01-23,14.14,14.48,13.93,14.0,458060.45,14.146,AAL
2024-01-24,14.16,14.18,13.85,13.93,366684.04,13.979,AAL
2024-01-25,14.59,15.46,14.52,15.36,862110.01,15.138,AAL
2024-01-26,15.55,15.84,15.0,15.13,411613.36,15.248,AAL
2024-01-29,15.37,15.39,14.86,14.94,325186.41,15.002,AAL
2024-01-30,14.79,14.88,14.53,14.53,222815.71,14.655,AAL
2024-01-31,14.47,14.61,14.21,14.23,280469.48,14.419,AAL
2024-02-01,14.35,14.4,13.87,14.34,355620.56,14.156,AAL
2024-02-02,14.18,14.67,14.13,14.56,298150.69,14.55,AAL
2024-02-05,14.36,14.39,14.11,14.26,229373.07,14.286,AAL
2024-02-06,14.24,14.95,14.2,14.9,312364.05,14.793,AAL
2024-02-07,14.92,15.03,14.71,14.91,273196.47,14.854,AAL
2024-02-08,14.92,14.99,14.6,14.95,256127.01,14.816,AAL
2024-02-09,15.03,15.18,14.71,14.88,250308.29,14.838,AAL
2024-02-12,14.8,15.1,14.77,14.93,253565.14,14.932,AAL
2024-02-13,14.71,14.87,14.41,14.61,322512.81,14.567,AAL
2024-02-14,14.74,14.97,14.68,14.86,259871.46,14.823,AAL
2024-02-15,15.04,15.15,14.84,14.9,227108.71,14.963,AAL
2024-02-16,14.73,14.89,14.52,14.64,189737.53,14.737,AAL
2024-02-20,14.51,14.95,14.49,14.7,269535.68,14.69,AAL
2024-02-21,14.59,14.86,14.56,14.79,197845.52,14.749,AAL
2024-02-22,14.94,15.28,14.89,15.24,324449.06,15.161,AAL
2024-02-23,15.15,15.29,14.95,15.13,211252.12,15.159,AAL
2024-02-26,15.14,15.48,15.13,15.28,210663.98,15.345,AAL
2024-02-27,15.54,15.67,15.38,15.54,220880.49,15.539,AAL
2024-02-28,15.36,15.58,15.31,15.46,161928.96,15.48,AAL
2024-02-29,15.55,15.79,15.45,15.68,296988.72,15.649,AAL
2024-03-01,15.7,15.7,15.37,15.66,233212.8,15.557,AAL
2024-03-04,15.65,16.15,14.81,14.81,613546.88,15.332,AAL
2024-03-05,14.76,14.77,14.29,14.67,393521.53,14.492,AAL
2024-03-06,14.8,14.98,14.62,14.88,285325.99,14.842,AAL
2024-03-07,14.85,15.0,14.81,14.9,213330.19,14.904,AAL
2024-03-08,14.94,15.15,14.66,14.68,245973.93,14.811,AAL
2024-03-11,14.6,14.67,14.42,14.65,201175.0,14.58,AAL
2024-03-12,14.19,14.38,13.8,13.96,433058.51,14.012,AAL
2024-03-13,13.9,14.18,13.86,14.0,228873.25,14.032,AAL
2024-03-14,13.96,14.03,13.78,13.99,217638.68,13.929,AAL
2024-03-15,14.02,14.16,13.88,13.96,170687.45,13.976,AAL
2024-03-18,13.98,14.17,13.86,14.11,200339.43,14.079,AAL
2024-03-19,14.09,14.11,13.9,13.93,165147.44,13.95,AAL
2024-03-20,13.96,14.58,13.92,14.57,300797.19,14.346,AAL
2024-03-21,14.61,14.82,14.6,14.78,224480.35,14.716,AAL
2024-03-22,14.71,14.88,14.64,14.82,140499.31,14.77,AAL
2024-03-25,14.69,14.93,14.62,14.92,191666.73,14.815,AAL
2024-03-26,15.03,15.12,14.9,14.92,173204.89,14.976,AAL
2024-03-27,15.0,15.3,14.9,15.3,212250.46,15.153,AAL
2024-03-28,15.28,15.5,15.12,15.35,294695.88,15.312,AAL
2024-04-01,15.42,15.61,15.32,15.41,210633.05,15.459,AAL
2024-04-02,15.12,15.12,14.36,14.4,298091.89,14.532,AAL
2024-04-03,14.3,14.48,14.05,14.16,297537.83,14.186,AAL
2024-04-04,14.24,14.35,13.76,13.83,414593.75,14.048,AAL
2024-04-05,13.83,13.94,13.7,13.76,266153.88,13.809,AAL
2024-04-08,13.82,14.08,13.74,13.9,247630.33,13.969,AAL
2024-04-09,13.96,14.07,13.88,13.95,246991.8,13.969,AAL
2024-04-10,14.01,14.15,13.3,13.41,430561.05,13.679,AAL
2024-04-11,13.44,13.72,13.3,13.62,235281.34,13.584,AAL
2024-04-12,13.22,13.3,13.02,13.15,303101.09,13.132,AAL
2024-04-15,13.28,13.47,12.9,12.94,232677.99,13.079,AAL
2024-04-16,12.96,13.14,12.72,13.03,228360.68,12.977,AAL
2024-04-17,13.45,13.97,13.38,13.89,468948.58,13.668,AAL
2024-04-18,14.04,14.34,13.96,14.02,309697.65,14.162,AAL
2024-04-19,13.89,14.28,13.86,14.11,239980.67,14.145,AAL
2024-04-22,14.28,14.68,14.18,14.53,238250.94,14.452,AAL
2024-04-23,13.97,14.44,13.88,14.23,357261.11,14.268,AAL
2024-04-24,14.22,14.33,13.82,13.92,358042.69,13.994,AAL
2024-04-25,14.21,14.28,13.45,14.13,499537.82,13.886,AAL
2024-04-26,14.05,14.09,13.63,13.88,327972.64,13.784,AAL
2024-04-29,13.85,14.02,13.73,13.98,234335.13,13.856,AAL
2024-04-30,13.85,13.93,13.5,13.51,224330.29,13.669,AAL
2024-05-01,13.47,13.81,13.33,13.58,255606.25,13.543,AAL
2024-05-02,13.78,13.9,13.69,13.86,211670.21,13.813,AAL
2024-05-03,14.0,14.07,13.72,13.85,187454.82,13.859,AAL
2024-05-06,13.92,14.75,13.92,14.65,433192.13,14.451,AAL
2024-05-07,14.54,14.63,14.13,14.25,228484.88,14.351,AAL
2024-05-08,14.24,14.52,14.18,14.42,207251.14,14.416,AAL
2024-05-09,14.36,14.63,14.32,14.48,206951.05,14.508,AAL
2024-05-10,14.54,14.61,14.32,14.4,142484.11,14.411,AAL
2024-05-13,14.53,15.07,14.52,14.93,297203.91,14.936,AAL
2024-05-14,15.09,15.36,15.07,15.19,237883.73,15.228,AAL
2024-05-15,15.2,15.25,14.91,14.94,228801.33,15.039,AAL
2024-05-16,14.99,15.08,14.66,14.79,196505.59,14.788,AAL
2024-05-17,14.85,14.99,14.72,14.73,151799.16,14.861,AAL
2024-05-20,14.78,14.78,14.41,14.52,225687.33,14.537,AAL
2024-05-21,14.43,14.49,14.01,14.03,196100.61,14.205,AAL
2024-05-22,14.07,14.25,14.01,14.1,168864.12,14.137,AAL
2024-05-23,14.13,14.14,13.72,13.82,261808.9,13.871,AAL
2024-05-24,13.87,14.03,13.66,13.84,172170.12,13.809,AAL
2024-05-28,13.85,13.91,13.42,13.44,240020.63,13.65,AAL
2024-05-29,12.17,12.17,11.31,11.62,1435601.27,11.533,AAL
2024-05-30,11.76,11.78,11.38,11.44,491416.2,11.456,AAL
2024-05-31,11.52,11.57,11.25,11.5,519888.65,11.418,AAL
2024-06-03,11.6,11.95,11.5,11.53,470892.9,11.634,AAL
2024-06-04,11.54,11.79,11.48,11.5,339760.3,11.594,AAL
2024-06-05,11.51,11.77,11.45,11.62,306967.72,11.591,AAL
2024-06-06,11.58,11.73,11.31,11.43,314826.77,11.479,AAL
2024-06-07,11.36,11.57,11.35,11.5,220837.59,11.477,AAL
2024-06-10,11.43,11.57,11.37,11.49,190664.13,11.492,AAL
2024-06-11,11.41,11.45,11.26,11.28,208483.51,11.328,AAL
2024-06-12,11.4,11.69,11.39,11.5,353838.71,11.546,AAL
2024-06-13,11.46,11.47,11.22,11.44,279978.54,11.342,AAL
2024-06-14,11.32,11.36,11.09,11.28,355423.61,11.176,AAL
2024-06-17,11.22,11.49,11.21,11.44,254786.95,11.359,AAL
2024-06-18,11.39,11.5,11.27,11.28,154620.39,11.355,AAL
2024-06-20,11.3,11.31,11.19,11.24,173223.75,11.235,AAL
2024-06-21,11.21,11.34,11.11,11.2,186801.14,11.213,AAL
2024-06-24,11.22,11.34,11.15,11.16,210198.71,11.243,AAL
2024-06-25,11.18,11.37,11.12,11.13,205413.56,11.214,AAL
2024-06-26,11.05,11.33,10.96,11.12,324046.43,11.167,AAL
2024-06-27,11.1,11.32,11.02,11.28,195239.73,11.167,AAL
2024-06-28,11.23,11.36,11.2,11.33,179954.01,11.281,AAL
2024-07-01,11.33,11.41,11.0,11.04,247523.11,11.123,AAL
2024-07-02,11.06,11.11,10.95,11.05,179104.12,11.011,AAL
2024-07-03,11.16,11.22,11.07,11.12,134428.13,11.147,AAL
2024-07-05,11.13,11.19,10.98,11.04,190664.73,11.045,AAL
2024-07-08,11.1,11.13,10.91,10.93,238937.97,10.974,AAL
2024-07-09,10.96,11.09,10.87,10.98,218352.27,10.997,AAL
2024-07-10,11.04,11.22,10.99,11.15,237885.44,11.113,AAL
2024-07-11,10.68,10.76,10.34,10.73,694912.57,10.571,AAL
2024-07-12,10.71,10.8,10.57,10.68,277558.97,10.656,AAL
2024-07-15,10.68,10.77,10.56,10.63,253172.92,10.681,AAL
2024-07-16,10.65,11.24,10.65,11.19,438227.1,11.086,AAL
2024-07-17,10.99,11.11,10.83,11.01,265854.17,11.02,AAL
2024-07-18,10.96,11.09,10.61,10.62,387270.38,10.783,AAL
2024-07-19,10.63,10.65,10.43,10.58,212761.14,10.572,AAL
2024-07-22,10.48,10.74,10.35,10.69,327617.49,10.591,AAL
2024-07-23,10.62,10.74,10.47,10.48,243434.97,10.559,AAL
2024-07-24,10.45,10.54,10.12,10.17,399876.86,10.272,AAL
2024-07-25,9.92,10.9,9.75,10.6,810776.8,10.603,AAL
2024-07-26,10.7,10.76,10.21,10.62,406183.03,10.455,AAL
2024-07-29,10.56,10.72,10.37,10.43,255820.52,10.527,AAL
2024-07-30,10.47,10.93,10.46,10.76,487989.38,10.775,AAL
2024-07-31,10.65,11.03,10.58,10.64,344381.23,10.774,AAL
2024-08-01,10.65,10.68,10.09,10.14,421774.85,10.283,AAL
2024-08-02,9.92,9.93,9.59,9.63,427265.98,9.72,AAL
2024-08-05,9.09,9.59,9.07,9.28,379743.47,9.379,AAL
2024-08-06,9.46,9.53,9.22,9.31,248745.16,9.394,AAL
2024-08-07,9.4,9.52,9.21,9.26,240835.68,9.375,AAL
2024-08-08,9.35,9.91,9.35,9.89,311306.69,9.683,AAL
2024-08-09,9.89,9.96,9.72,9.86,201251.15,9.824,AAL
2024-08-12,9.79,9.8,9.59,9.61,261087.66,9.677,AAL
2024-08-13,9.64,9.82,9.55,9.81,271542.32,9.713,AAL
2024-08-14,9.88,9.97,9.7,9.74,247867.23,9.785,AAL
2024-08-15,9.96,10.16,9.95,10.09,268098.23,10.061,AAL
2024-08-16,10.02,10.14,9.97,10.05,316236.87,10.046,AAL
2024-08-19,10.16,10.38,10.11,10.31,240690.47,10.287,AAL
2024-08-20,10.31,10.45,10.21,10.29,203375.36,10.32,AAL
2024-08-21,10.37,10.45,10.3,10.4,178832.04,10.378,AAL
2024-08-22,10.41,10.54,10.13,10.14,226688.18,10.282,AAL
2024-08-23,10.23,10.5,10.17,10.39,221747.13,10.376,AAL
2024-08-26,10.43,10.45,10.2,10.21,183899.81,10.275,AAL
2024-08-27,10.26,10.27,9.98,10.17,202579.86,10.105,AAL
2024-08-28,10.17,10.21,10.04,10.15,175925.54,10.122,AAL
2024-08-29,10.23,10.51,10.21,10.39,188919.72,10.407,AAL
2024-08-30,10.49,10.89,10.48,10.62,227264.16,10.698,AAL
2024-09-03,10.53,10.74,10.49,10.6,193825.01,10.631,AAL
2024-09-04,10.53,10.78,10.5,10.63,189311.29,10.66,AAL
2024-09-05,10.88,11.16,10.75,10.8,340029.62,10.968,AAL
2024-09-06,10.78,11.1,10.7,10.8,244863.87,10.847,AAL
2024-09-09,10.85,11.23,10.85,11.22,386687.42,11.12,AAL
2024-09-10,11.21,11.25,10.87,10.99,278743.85,10.979,AAL
2024-09-11,10.95,11.01,10.48,10.77,361350.35,10.714,AAL
2024-09-12,11.02,11.14,10.43,10.88,330590.33,10.838,AAL
2024-09-13,10.98,11.18,10.61,10.69,329656.64,10.847,AAL
2024-09-16,10.65,10.87,10.62,10.81,263000.93,10.779,AAL
2024-09-17,10.99,11.26,10.95,11.17,337971.12,11.126,AAL
2024-09-18,11.24,11.29,10.92,11.03,342294.94,11.071,AAL
2024-09-19,11.32,11.39,11.06,11.11,292470.87,11.173,AAL
2024-09-20,11.07,11.12,10.88,11.01,260687.54,11.014,AAL
2024-09-23,11.0,11.03,10.76,10.98,255909.6,10.891,AAL
2024-09-24,11.02,11.19,10.92,11.04,255551.29,11.011,AAL
2024-09-25,11.06,11.18,10.97,11.0,253409.41,11.055,AAL
2024-09-26,11.36,11.98,11.35,11.79,541647.9,11.756,AAL
2024-09-27,11.82,11.86,11.56,11.56,255501.22,11.694,AAL
2024-09-30,11.46,11.58,11.2,11.24,227452.33,11.317,AAL
2024-10-01,11.23,11.33,10.82,10.9,391849.97,10.957,AAL
2024-10-02,10.73,10.86,10.6,10.74,235168.61,10.761,AAL
2024-10-03,10.69,10.94,10.56,10.82,275756.1,10.76,AAL
2024-10-04,11.36,11.97,11.29,11.51,474490.7,11.567,AAL
2024-10-07,11.55,11.68,11.37,11.53,239994.42,11.538,AAL
2024-10-08,11.65,12.12,11.63,11.92,398949.23,11.955,AAL
2024-10-09,12.01,12.25,11.87,11.93,297334.14,12.055,AAL
2024-10-10,11.77,12.0,11.65,11.76,212025.82,11.796,AAL
2024-10-11,11.72,11.82,11.53,11.79,149330.99,11.723,AAL
2024-10-14,11.85,11.95,11.7,11.87,173801.4,11.82,AAL
2024-10-15,12.12,12.47,12.0,12.03,327559.44,12.224,AAL
2024-10-16,12.19,12.92,12.14,12.89,465144.05,12.63,AAL
2024-10-17,12.87,12.97,12.67,12.81,266827.11,12.829,AAL
2024-10-18,12.86,13.24,12.76,13.09,343537.52,13.099,AAL
2024-10-21,12.98,13.1,12.77,12.97,243858.3,12.958,AAL
2024-10-22,12.93,13.03,12.61,12.96,210975.36,12.818,AAL
2024-10-23,12.85,13.04,12.66,12.83,259060.71,12.859,AAL
2024-10-24,13.18,13.63,12.41,12.78,552899.58,12.845,AAL
2024-10-25,12.94,13.44,12.75,13.15,395079.74,13.163,AAL
2024-10-28,13.66,13.85,13.56,13.6,321807.32,13.707,AAL
2024-10-29,13.38,13.86,13.28,13.82,240429.7,13.721,AAL
2024-10-30,13.66,13.99,13.61,13.94,184050.33,13.86,AAL
2024-10-31,13.79,13.89,13.38,13.4,228149.88,13.561,AAL
2024-11-01,13.47,13.66,13.4,13.54,181401.23,13.544,AAL
2024-11-04,13.49,13.5,12.96,12.99,221149.97,13.19,AAL
2024-11-05,12.95,13.22,12.92,13.19,148059.26,13.141,AAL
2024-11-06,14.01,14.17,13.79,14.0,323516.64,13.959,AAL
2024-11-07,13.93,14.0,13.6,13.62,162380.79,13.762,AAL
2024-11-08,13.69,14.03,13.67,13.81,168471.19,13.858,AAL
2024-11-11,13.95,14.16,13.89,14.16,189348.95,14.052,AAL
2024-11-12,13.96,14.08,13.73,13.91,171263.98,13.875,AAL
2024-11-13,14.05,14.55,13.97,14.01,260637.55,14.231,AAL
2024-11-14,14.22,14.67,14.17,14.26,289397.94,14.448,AAL
2024-11-15,14.22,14.4,14.05,14.39,203775.97,14.238,AAL
2024-11-18,14.41,14.44,14.03,14.29,159922.54,14.258,AAL
2024-11-19,13.92,14.4,13.84,14.33,219309.88,14.235,AAL
2024-11-20,14.22,14.49,14.0,14.46,223896.9,14.289,AAL
2024-11-21,14.47,14.58,14.17,14.2,178874.93,14.306,AAL
2024-11-22,14.24,14.44,14.08,14.38,169684.24,14.293,AAL
2024-11-25,14.63,15.13,14.55,14.92,251295.74,14.972,AAL
2024-11-26,14.79,15.01,14.6,14.64,169227.5,14.783,AAL
2024-11-27,14.68,14.75,14.46,14.64,122170.05,14.574,AAL
2024-11-29,14.68,14.74,14.5,14.52,78383.93,14.58,AAL
2024-12-02,14.57,14.75,14.38,14.61,160669.76,14.619,AAL
2024-12-03,14.59,14.75,14.44,14.47,138633.87,14.539,AAL
2024-12-04,14.9,15.05,14.61,14.88,153950.75,14.809,AAL
2024-12-05,16.01,17.8,15.96,17.38,911611.84,16.896,AAL
2024-12-06,17.51,18.09,17.26,17.4,307553.13,17.586,AAL
2024-12-09,17.52,17.52,17.01,17.16,234613.82,17.235,AAL
2024-12-10,17.96,18.21,17.37,17.49,255510.34,17.722,AAL
2024-12-11,17.61,17.74,17.41,17.58,157508.37,17.535,AAL
2024-12-12,17.61,17.8,17.22,17.24,146390.98,17.421,AAL
2024-12-13,17.26,17.31,16.81,16.92,149435.41,16.964,AAL
2024-12-16,16.91,16.96,16.46,16.52,130888.07,16.707,AAL
2024-12-17,16.45,16.74,16.22,16.72,195734.27,16.545,AAL
2024-12-18,16.77,17.28,16.26,16.47,206716.19,16.823,AAL
2024-12-19,16.65,16.8,16.48,16.64,147483.63,16.643,AAL
2024-12-20,16.57,17.18,16.53,16.88,137340.18,16.945,AAL
2024-12-23,16.89,17.27,16.87,17.25,122331.79,17.131,AAL
2024-12-24,16.99,17.36,16.8,17.35,107381.84,17.139,AAL
2024-12-26,17.06,17.39,17.05,17.35,82530.76,17.288,AAL
2024-12-27,17.19,17.38,17.01,17.35,96595.74,17.25,AAL
2024-12-30,17.27,17.73,17.15,17.62,159036.35,17.525,AAL
2024-12-31,17.63,17.75,17.35,17.43,103293.85,17.523,AAL
2025-01-02,17.4,17.63,16.83,17.0,150687.37,17.112,AAL
2025-01-03,17.03,17.03,16.27,16.97,191621.83,16.723,AAL
2025-01-06,17.64,17.94,17.38,17.52,232550.67,17.729,AAL
2025-01-07,17.59,17.99,17.53,17.69,199604.92,17.723,AAL
2025-01-08,17.55,17.72,17.07,17.6,190914.29,17.408,AAL
2025-01-10,17.93,18.45,17.8,18.38,335794.19,18.231,AAL
2025-01-13,17.91,17.98,17.32,17.6,236033.94,17.56,AAL
2025-01-14,17.79,18.24,17.79,18.21,194736.73,18.068,AAL
2025-01-15,18.54,18.56,17.97,18.07,162634.4,18.19,AAL
2025-01-16,18.02,18.33,17.78,18.29,165916.08,18.121,AAL
2025-01-17,18.57,18.57,18.16,18.27,173584.74,18.28,AAL
2025-01-21,18.46,18.65,18.27,18.64,245660.99,18.481,AAL
2025-01-22,19.06,19.1,18.37,18.66,502652.72,18.624,AAL
2025-01-23,17.3,17.54,16.73,17.03,764872.84,17.081,AAL
2025-01-24,16.85,17.34,16.55,16.96,326581.61,17.002,AAL
2025-01-27,16.82,17.54,16.7,17.2,354466.63,17.224,AAL
2025-01-28,17.08,17.47,16.95,17.15,238297.64,17.203,AAL
2025-01-29,17.14,17.34,16.94,17.33,212138.19,17.145,AAL
2025-01-30,16.94,17.23,16.8,16.9,341875.93,16.969,AAL
2025-01-31,16.98,17.23,16.91,16.92,264610.39,17.045,AAL
2025-02-03,16.39,16.82,16.22,16.7,271981.9,16.581,AAL
2025-02-04,16.75,16.94,16.7,16.84,235043.5,16.815,AAL
2025-02-05,16.85,17.22,16.51,16.96,246736.21,16.943,AAL
2025-02-06,17.12,17.32,16.95,17.06,222858.37,17.073,AAL
2025-02-07,17.07,17.4,17.02,17.17,189777.52,17.256,AAL
2025-02-10,17.2,17.21,16.56,16.62,238264.81,16.727,AAL
2025-02-11,16.44,16.56,16.13,16.41,255378.58,16.323,AAL
2025-02-12,16.38,16.6,16.14,16.26,213795.4,16.351,AAL
2025-02-13,16.35,16.5,15.47,15.74,367952.81,15.821,AAL
2025-02-14,15.84,15.98,15.64,15.97,238581.74,15.805,AAL
2025-02-18,15.88,16.32,15.85,16.08,240849.12,16.124,AAL
2025-02-19,16.04,16.15,15.8,16.0,204337.38,15.991,AAL
2025-02-20,15.98,16.1,15.57,15.86,289710.71,15.716,AAL
2025-02-21,15.93,16.07,15.09,15.23,501610.18,15.527,AAL
2025-02-24,15.38,15.52,15.21,15.31,368374.01,15.388,AAL
2025-02-25,15.37,15.37,14.8,15.13,425426.9,15.003,AAL
2025-02-26,15.48,15.66,15.17,15.18,385763.58,15.413,AAL
2025-02-27,15.12,15.15,14.21,14.53,519205.47,14.661,AAL
2025-02-28,14.57,14.75,14.27,14.35,447089.51,14.441,AAL
2025-03-03,14.36,14.56,13.77,13.87,494004.28,14.155,AAL
2025-03-04,13.52,13.65,13.01,13.35,641612.62,13.292,AAL
2025-03-05,13.51,14.23,13.49,14.09,477855.58,13.978,AAL
2025-03-06,13.82,13.93,13.2,13.25,521726.43,13.53,AAL
2025-03-07,13.13,13.18,12.58,13.03,680766.87,12.887,AAL
2025-03-10,12.72,12.75,12.11,12.5,735429.28,12.335,AAL
2025-03-11,12.5,12.54,11.43,11.46,964557.58,11.784,AAL
2025-03-12,11.54,11.61,10.89,10.93,870807.98,11.037,AAL
2025-03-13,10.99,11.09,10.47,10.67,872512.48,10.741,AAL
2025-03-14,10.87,10.89,10.55,10.87,545050.6,10.76,AAL
2025-03-17,10.88,11.47,10.83,11.32,589512.83,11.25,AAL
2025-03-18,11.17,11.32,11.01,11.07,430218.75,11.102,AAL
2025-03-19,11.13,11.58,11.1,11.48,598054.16,11.379,AAL
2025-03-20,11.36,11.44,11.2,11.26,388600.98,11.303,AAL
2025-03-21,11.07,11.41,10.96,11.39,397940.37,11.206,AAL
2025-03-24,11.56,11.9,11.54,11.83,394516.13,11.749,AAL
2025-03-25,11.95,12.07,11.46,11.51,527461.96,11.577,AAL
2025-03-26,11.54,11.55,11.3,11.44,428432.28,11.385,AAL
2025-03-27,11.33,11.35,11.09,11.14,498954.21,11.199,AAL
2025-03-28,11.06,11.15,10.65,10.7,552968.26,10.805,AAL
2025-03-31,10.38,10.68,10.06,10.55,565334.35,10.408,AAL
2025-04-01,10.28,10.36,9.92,10.3,682564.83,10.178,AAL
2025-04-02,10.11,10.64,10.1,10.59,588127.53,10.501,AAL
2025-04-03,9.97,9.98,9.5,9.51,699288.13,9.666,AAL
2025-04-04,9.21,9.58,8.5,9.46,1028530.45,9.062,AAL
2025-04-07,9.02,10.22,9.0,9.71,674534.7,9.595,AAL
2025-04-08,10.06,10.07,8.92,9.07,712395.45,9.448,AAL
2025-04-09,9.12,11.23,9.08,11.12,1214297.59,10.168,AAL
2025-04-10,10.53,10.66,9.44,9.51,776965.45,9.803,AAL
2025-04-11,9.51,9.7,9.3,9.67,495235.2,9.494,AAL
2025-04-14,9.96,9.97,9.43,9.58,573671.11,9.618,AAL
2025-04-15,9.59,9.97,9.58,9.85,583683.66,9.845,AAL
2025-04-16,9.91,9.96,9.27,9.42,666784.47,9.575,AAL
2025-04-17,9.41,9.56,9.29,9.46,491177.23,9.422,AAL
2025-04-21,9.3,9.32,8.96,9.07,549485.91,9.075,AAL
2025-04-22,9.19,9.33,9.04,9.31,576828.8,9.18,AAL
2025-04-23,9.83,10.03,9.31,9.32,941387.85,9.56,AAL
2025-04-24,9.41,9.68,9.21,9.61,598676.4,9.507,AAL
2025-04-25,9.59,9.84,9.49,9.75,595398.79,9.684,AAL
2025-04-28,9.76,10.01,9.68,9.85,519798.3,9.833,AAL
2025-04-29,9.75,9.94,9.64,9.9,565768.8,9.796,AAL
2025-04-30,9.64,9.99,9.48,9.95,635047.67,9.76,AAL
2025-05-01,10.01,10.22,9.98,10.03,480851.26,10.09,AAL
2025-05-02,10.24,10.69,10.24,10.52,687525.9,10.532,AAL
2025-05-05,10.42,10.98,10.4,10.66,760141.81,10.812,AAL
2025-05-06,10.43,10.59,10.38,10.43,533537.19,10.497,AAL
2025-05-07,10.5,10.68,10.44,10.56,380044.78,10.575,AAL
2025-05-08,10.79,11.2,10.67,11.03,531411.9,11.045,AAL
2025-05-09,11.09,11.23,10.93,11.11,564764.9,11.062,AAL
2025-05-12,11.93,12.1,11.49,11.67,756327.72,11.739,AAL
2025-05-13,11.77,12.39,11.74,12.3,796040.21,12.192,AAL
2025-05-14,12.24,12.45,11.82,11.84,662366.38,12.118,AAL
2025-05-15,11.85,11.87,11.46,11.76,521040.75,11.702,AAL
2025-05-16,11.77,11.98,11.67,11.86,427186.93,11.85,AAL
2025-05-19,11.68,11.93,11.5,11.86,402604.51,11.829,AAL
2025-05-20,11.83,11.96,11.56,11.65,411455.75,11.743,AAL
2025-05-21,11.46,11.56,11.19,11.24,534793.42,11.362,AAL
2025-05-22,11.22,11.56,11.18,11.4,458547.09,11.369,AAL
2025-05-23,11.05,11.28,11.02,11.19,417189.78,11.166,AAL
2025-05-27,11.4,11.8,11.37,11.64,654864.55,11.654,AAL
2025-05-28,11.69,11.74,11.39,11.43,583018.11,11.519,AAL
2025-05-29,11.64,11.67,11.31,11.4,572948.83,11.416,AAL
2025-05-30,11.29,11.47,11.19,11.41,565151.85,11.323,AAL
2025-06-02,11.31,11.39,11.03,11.38,455901.88,11.251,AAL
2025-06-03,11.33,11.53,11.21,11.47,435347.06,11.414,AAL
2025-06-04,11.52,11.58,11.32,11.42,404173.38,11.46,AAL
2025-06-05,11.34,11.51,11.22,11.27,476208.53,11.394,AAL
2025-06-06,11.49,11.8,11.42,11.78,409509.06,11.613,AAL
2025-06-09,11.89,11.95,11.74,11.76,364233.03,11.835,AAL
2025-06-10,11.81,11.97,11.68,11.84,372931.97,11.822,AAL
2025-06-11,11.94,11.95,10.99,11.06,666774.94,11.326,AAL
2025-06-12,10.88,10.97,10.68,10.9,488445.45,10.814,AAL
2025-06-13,10.32,10.65,10.3,10.37,639137.99,10.439,AAL
2025-06-16,10.58,10.93,10.45,10.9,523571.8,10.81,AAL
2025-06-17,10.7,10.85,10.44,10.56,528111.92,10.681,AAL
2025-06-18,10.55,10.77,10.53,10.58,529358.12,10.658,AAL
2025-06-20,10.75,10.79,10.5,10.62,502308.43,10.644,AAL
2025-06-23,10.5,11.01,10.26,10.9,724909.04,10.615,AAL
2025-06-24,11.24,11.46,11.1,11.37,583205.64,11.349,AAL
2025-06-25,11.44,11.45,10.95,11.06,373843.33,11.072,AAL
2025-06-26,11.14,11.28,11.12,11.13,356493.21,11.193,AAL
2025-06-27,11.18,11.46,11.14,11.28,399408.21,11.293,AAL
2025-06-30,11.3,11.33,11.18,11.22,276258.29,11.241,AAL
2025-07-01,11.18,11.71,11.16,11.52,455999.6,11.476,AAL
2025-07-02,11.53,11.79,11.42,11.63,367193.49,11.639,AAL
2025-07-03,11.73,11.93,11.66,11.69,279574.88,11.776,AAL
2025-07-07,11.59,11.97,11.44,11.59,474917.17,11.644,AAL
2025-07-08,11.73,11.9,11.55,11.58,482061.43,11.702,AAL
2025-07-09,11.7,11.88,11.39,11.48,616797.74,11.542,AAL
2025-07-10,12.29,13.18,12.13,12.94,1294735.31,12.829,AAL
2025-07-11,12.82,12.91,12.2,12.22,782935.89,12.422,AAL
2025-07-14,12.24,12.41,12.13,12.38,525888.07,12.277,AAL
2025-07-15,12.46,12.5,12.15,12.17,547556.22,12.274,AAL
2025-07-16,12.28,12.34,11.91,12.27,625961.21,12.128,AAL
2025-07-17,12.6,12.95,12.35,12.45,796688.2,12.555,AAL
2025-07-18,12.52,12.59,12.2,12.51,667418.72,12.403,AAL
2025-07-21,12.6,12.63,12.31,12.32,470640.43,12.415,AAL
2025-07-22,12.34,12.55,12.18,12.5,500953.48,12.395,AAL
2025-07-23,12.55,12.79,12.52,12.68,686864.23,12.668,AAL
2025-07-24,11.8,11.84,11.33,11.46,1037295.0,11.597,AAL
2025-07-25,11.55,11.7,11.46,11.5,584785.88,11.575,AAL
2025-07-28,11.5,11.63,11.4,11.58,652560.15,11.525,AAL
2025-07-29,11.61,11.64,11.38,11.42,662500.31,11.504,AAL
2025-07-30,11.44,11.63,11.31,11.51,691116.18,11.481,AAL
2025-07-31,11.46,11.64,11.36,11.49,789417.47,11.484,AAL
2025-08-01,11.19,11.22,10.9,11.03,645866.05,11.028,AAL
2025-08-04,11.11,11.31,11.07,11.27,650002.28,11.216,AAL
2025-08-05,11.3,11.69,11.13,11.64,601294.08,11.426,AAL
2025-08-06,11.59,11.78,11.48,11.74,564013.91,11.589,AAL
2025-08-07,11.79,11.8,11.59,11.73,437650.08,11.698,AAL
2025-08-08,11.78,11.81,11.56,11.62,382754.63,11.677,AAL
2025-08-11,11.6,11.76,11.55,11.58,471369.12,11.636,AAL
2025-08-12,11.78,13.02,11.77,12.98,1072840.29,12.658,AAL
2025-08-13,12.96,13.22,12.74,13.11,570200.56,13.022,AAL
2025-08-14,12.92,12.94,12.66,12.82,540378.47,12.754,AAL
2025-08-15,12.89,13.19,12.85,13.17,469537.05,13.092,AAL
2025-08-18,13.12,13.33,13.04,13.17,461617.18,13.21,AAL
2025-08-19,13.26,13.38,13.11,13.22,554212.17,13.238,AAL
2025-08-20,13.06,13.16,12.75,12.8,629863.58,12.864,AAL
2025-08-21,12.72,12.74,12.48,12.57,594819.67,12.56,AAL
2025-08-22,12.58,13.58,12.58,13.55,587158.53,13.333,AAL
2025-08-25,13.28,13.32,12.88,13.0,716339.23,13.039,AAL
2025-08-26,13.01,13.17,12.88,13.15,578475.33,13.034,AAL
2025-08-27,13.13,13.36,13.03,13.13,490634.27,13.143,AAL
2025-08-28,13.22,13.35,13.06,13.25,640680.44,13.235,AAL
2025-08-29,13.25,13.39,13.14,13.37,645610.4,13.264,AAL
2025-09-02,13.26,13.52,12.94,13.39,895531.36,13.185,AAL
2025-09-03,13.45,14.01,13.4,13.44,796682.85,13.562,AAL
2025-09-04,13.47,13.66,12.85,12.86,735454.43,13.222,AAL
2025-09-05,12.92,13.28,12.81,13.08,852545.57,13.111,AAL
2025-09-08,13.09,13.22,12.89,12.95,848389.51,12.996,AAL
2025-09-09,12.94,12.99,12.64,12.76,620278.11,12.782,AAL
2025-09-10,12.76,13.1,12.63,12.82,842335.56,12.85,AAL
2025-09-11,12.93,13.09,12.61,12.95,956196.2,12.861,AAL
2025-09-12,12.98,13.23,12.89,12.91,794660.0,12.987,AAL
2025-09-15,12.94,12.96,12.48,12.53,940889.97,12.66,AAL
2025-09-16,12.6,12.62,12.16,12.41,856294.81,12.337,AAL
2025-09-17,12.44,12.82,12.36,12.48,1032859.7,12.601,AAL
2025-09-18,12.59,12.63,12.47,12.58,1025824.94,12.556,AAL
2025-09-19,12.65,12.67,12.31,12.45,744877.19,12.453,AAL
2025-09-22,12.38,12.43,12.0,12.33,881812.73,12.182,AAL
2025-09-23,12.38,12.49,12.19,12.19,687490.02,12.35,AAL
2025-09-24,12.22,12.26,11.94,11.94,853072.72,12.033,AAL
2025-09-25,11.79,11.8,11.36,11.39,948212.51,11.552,AAL
2025-09-26,11.45,11.51,11.26,11.31,771570.65,11.353,AAL
2025-09-29,11.4,11.51,11.19,11.38,859832.11,11.331,AAL
2025-09-30,11.42,11.46,11.07,11.24,876360.45,11.175,AAL
2025-10-01,11.23,11.39,11.16,11.27,757910.12,11.3,AAL
2025-10-02,11.36,11.6,11.29,11.43,735197.69,11.449,AAL
2025-10-03,11.52,11.63,11.37,11.58,734376.98,11.501,AAL
2025-10-06,11.65,11.88,11.43,11.83,868904.53,11.761,AAL
2025-10-07,11.94,11.97,11.52,11.66,554737.16,11.665,AAL
2025-10-08,11.7,12.03,11.56,11.81,602189.03,11.858,AAL
2025-10-09,12.44,12.5,11.51,11.62,922733.27,11.783,AAL
2025-10-10,11.69,12.06,11.42,11.52,666692.3,11.658,AAL
2025-10-13,11.63,11.86,11.63,11.74,384863.04,11.736,AAL
2025-10-14,11.59,12.28,11.52,12.19,596091.7,12.024,AAL
2025-10-15,12.24,12.52,12.15,12.5,459202.93,12.357,AAL
2025-10-16,12.53,12.57,11.72,11.89,574444.33,11.999,AAL
2025-10-17,11.86,12.02,11.83,11.86,301915.18,11.904,AAL
2025-10-20,11.93,12.24,11.87,12.17,351894.68,12.125,AAL
2025-10-21,12.17,12.4,12.08,12.35,345049.39,12.321,AAL
2025-10-22,12.27,12.33,11.99,12.09,497179.03,12.112,AAL
2025-10-23,12.73,13.04,12.35,12.77,757062.46,12.701,AAL
2025-10-24,13.0,13.89,12.9,13.78,843818.92,13.622,AAL
